RULE 1: IF mQ <= -0.484450 THEN g in 0, COVERING: 0.914642, ERROR: 0.024901
RULE 2: IF vQ <= -0.715083 THEN g in 0, COVERING: 0.773312, ERROR: 0.000000
RULE 3: IF sQ > 1.140696 THEN g in 0, COVERING: 0.224801, ERROR: 0.046262
RULE 4: IF 4.885981 < vQ <= 7.651320 THEN g in 0, COVERING: 0.001887, ERROR: 0.000000
RULE 5: IF mQ > -0.591427 AND -0.557641 < sQ <= 1.887932 THEN g in 1, COVERING: 0.984180, ERROR: 0.035161
RULE 6: IF -0.730024 < vQ <= 1.494930 AND -0.558380 < sQ <= 2.472110 THEN g in 1, COVERING: 0.929522, ERROR: 0.019038